ts_utc,candle,symbol,side,price,amount,value_usdt,mode
2026-07-03 20:07:06,2026-07-03 16:00,SOL/USDT,BUY,82.48,3.9842061,329.11,dry-run
2026-07-05 04:07:11,2026-07-05 00:00,SOL/USDT,SELL,80.56,3.9842061,320.49,dry-run
2026-07-06 20:07:08,2026-07-06 16:00,SOL/USDT,BUY,82.07,3.899177,320.49,dry-run
2026-07-07 04:07:10,2026-07-07 00:00,SOL/USDT,SELL,81.05,3.899177,315.55,dry-run
2026-07-07 16:07:13,2026-07-07 12:00,SOL/USDT,BUY,82.11,3.8373027,315.55,dry-run
2026-07-07 20:07:09,2026-07-07 16:00,SOL/USDT,SELL,81.37,3.8373027,311.77,dry-run
2026-07-27 00:07:06,2026-07-26 20:00,ETH/USDT,BUY,1954.72,0.17010134,333.00,dry-run
2026-07-27 16:07:09,2026-07-27 12:00,ETH/USDT,SELL,1927.75,0.17010134,327.42,dry-run
2026-07-27 20:07:10,2026-07-27 16:00,ETH/USDT,BUY,1948.31,0.1679726,327.75,dry-run
